id,name,type,description,race,archetype,tcgplayer price,cardmarket price,ebay price,amazon price,coolstuffinc price
13026402,A-Team: Trap Disposal Unit,Effect Monster,"This effect can be used during either player's turn. When your opponent activates a Trap Card, Tribute this face-up card to negate the activation of the Trap Card and destroy it.",Machine,,0.22,0.49,4.0,0.99,0.49
27412542,Abomination's Prison,Spell Card,"Add 1 ""Unchained"" card from your Deck to your hand. If this Set card is destroyed by card effect: You can Special Summon 1 ""Unchained"" monster from your Deck. You can only use each effect of ""Abomination's Prison"" once per turn.",Normal,Unchained,21.61,20.91,4.95,7.99,2.99
47404795,Abyss Actor - Super Producer,Link Monster,"2 monsters, including a Fiend monster
During the Main Phase (Quick Effect): You can target 1 face-up card you control; destroy it, then you can apply 1 of these effects.
● Place 1 ""Abyss Playhouse - Fantastic Theater"" from your Deck, face-up in your Field Zone.
● Place 1 ""Abyss Actor"" Pendulum Monster from your Deck in your Pendulum Zone.
You can only use this effect of ""Abyss Actor - Super Producer"" once per turn.",Fiend,Abyss Actor,0.06,0.09,0.0,0.0,0.39
77568553,Acid Crawler,Normal Monster,A giant caterpillar that secretes an acid mist that melts anything.,Insect,,0.0,0.0,5.0,0.0,0.0
56804361,"Aether, the Empowering Dragon",Effect Monster,"When this card is Pendulum Summoned: You can target 1 card on the field; return it to the hand. You can only use this effect of ""Aether, the Empowering Dragon"" once per turn.",Dragon,Aether,0.19,0.06,0.99,0.25,0.25
64428736,Alligator's Sword,Normal Monster,"ey, dis mighty lissard man can swing his sword so fast, dat it's more dan da speed a sound!",Beast,Alligator,0.18,0.09,3.95,2.85,0.25
71438011,Ally of Justice Thunder Armor,Effect Monster,"This card cannot be Special Summoned. During the battle between an attacking ""Ally of Justice"" monster you control and a Defense Position monster whose DEF is lower than the ATK of the attacking monster, inflict the difference as Battle Damage to your opponent.",Machine,Ally of Justice,0.09,0.08,0.99,0.25,0.25
21070956,Altar for Tribute,Trap Card,Select 1 monster on your side of the field and send it to the Graveyard. Increase your Life Points by an amount equal to the original ATK of the monster.,Normal,,0.18,0.17,0.99,0.25,0.25
23790299,Altergeist Memorygant,Link Monster,"2+ ""Altergeist"" monsters
During the Battle Phase (Quick Effect): You can Tribute 1 other monster; this card gains ATK equal to that Tributed monster's ATK on the field. When this card destroys a monster by battle: You can destroy 1 monster your opponent controls, and if you do, this card can make a second attack in a row. If this card would be destroyed, you can banish 1 monster from your GY instead. You can only use each effect of ""Altergeist Memorygant"" once per turn.",Spellcaster,Altergeist,1.11,1.54,1.49,0.56,0.39
23965033,Amazoness Augusta,Fusion Monster,"1 ""Amazoness"" Fusion Monster + 1 ""Amazoness"" monster
If this card is Fusion Summoned: You can Special Summon 1 ""Amazoness"" monster from your Deck. You can only use this effect of ""Amazoness Augusta"" once per turn. Your opponent cannot target other ""Amazoness"" cards you control with card effects, also they cannot be destroyed by your opponent's card effects. This card that was Fusion Summoned using ""Amazoness Empress"" and/or ""Amazoness Queen"" as material can make a second attack during each Battle Phase.",Warrior,Amazoness,0.08,0.11,0.99,0.49,0.25
58324930,Anarchist Monk Ranshin,Effect Monster,"When this card you control is sent to your Graveyard by your opponent's card (either by battle, by card effect, or by being destroyed): Target 1 monster in your opponent's Graveyard; banish that target.",Spellcaster,,0.13,0.03,0.99,0.25,0.25
52296675,Anchamoufrite,Pendulum Effect Monster,"[ Pendulum Effect ] 
If you have no cards in your Extra Deck except ""Anchamoufrite"": You can destroy this card, then draw 1 card. You can only use this effect of ""Anchamoufrite"" once per turn.
[ Monster Effect ] 
Cannot be Normal Summoned/Set. Must be Special Summoned (from your face-up Extra Deck) by having no cards in your Extra Deck except ""Anchamoufrite"". You can only Special Summon ""Anchamoufrite"" once per turn this way. If this face-up card in the Monster Zone leaves the field, banish it.",Spellcaster,,0.07,0.11,0.99,0.25,0.39
50781944,Ancient Crimson Ape,Effect Monster,"When a monster(s) you control is destroyed and sent to the Graveyard, gain 1000 Life Points.",Beast,,0.24,0.06,0.99,0.89,0.25
25862681,Ancient Fairy Dragon,Synchro Monster,"1 Tuner + 1+ non-Tuner monsters
Once per turn: You can Special Summon 1 Level 4 or lower monster from your hand. You cannot conduct your Battle Phase the turn you activate this effect. Once per turn: You can destroy as many Field Spells on the field as possible, and if you do, gain 1000 LP, then you can add 1 Field Spell from your Deck to your hand.",Dragon,,0.31,0.22,3.4,5.93,0.49
1953925,Ancient Gear Engineer,Effect Monster,"Negate any Trap effects that target this card, and if you do, destroy that Trap Card. If this card attacks, your opponent cannot activate any Spell/Trap Cards until the end of the Damage Step. At the end of the Damage Step, if this card attacked: Target 1 Spell/Trap Card your opponent controls; destroy that target.",Machine,Ancient Gear,0.17,0.17,0.99,0.99,0.79
54912977,Ancient Lamp,Effect Monster,"During your Main Phase: You can Special Summon ""La Jinn the Mystical Genie of the Lamp"" from your hand. This card must be face-up on the field to activate and to resolve this effect. Before damage calculation, if this card is being attacked by an opponent's monster, and was face-down at the start of the Damage Step: You can target 1 monster your opponent controls, except the attacking monster; the attacking monster attacks it instead, and you proceed to damage calculation.",Spellcaster,,0.11,0.09,1.45,0.91,0.49
40678060,Angel Ring,Spell Card,"Equip only to a monster you control that is equipped with an Equip Card. You can only control 1 ""Angel Ring"". Negate the effect of your opponent's first Spell Card or effect that resolves each turn. Once per turn, while this card is equipped to a monster: You can gain 500 LP, then destroy this card, and if you do, apply this effect.
● While the monster this card was equipped to is face-up in the Monster Zone, your opponent cannot target it with card effects.",Equip,,0.0,0.0,0.0,0.0,0.0
48365709,Ansatsu,Normal Monster,A silent and deadly warrior specializing in assassinations.,Warrior,,0.54,0.17,3.99,0.51,0.25
13250922,Anteatereatingant,Effect Monster,"This card cannot be Normal Summoned or Set. This card cannot be Special Summoned except by sending 2 Spell or Trap Cards you control to the Graveyard. You can destroy 1 Spell or Trap Card your opponent controls. If you activate this effect, this card cannot attack during this turn.",Insect,,0.16,0.2,1.0,0.25,0.25
30603688,Apprentice Illusion Magician,Effect Monster,"You can Special Summon this card (from your hand) by discarding 1 card. If this card is Normal or Special Summoned: You can add 1 ""Dark Magician"" from your Deck to your hand. During damage calculation, if your other DARK Spellcaster monster battles an opponent's monster (Quick Effect): You can send this card from your hand or face-up field to the GY; that monster you control gains 2000 ATK/DEF during that damage calculation only.",Spellcaster,Dark Magician,0.48,1.02,1.99,1.78,1.99
300302057,Archfiend's Conscription,Skill Card,"You cannot Summon/Set non-Fiend monsters. Once per turn, during your Main Phase, you can roll a six-sided die. If you do, you lose LP equal to the result x 200, but if the result is 2, 3, or 4, you can Special Summon 1 ""Archfiend"" monster with a Level equal to the result from your hand, Deck, or GY.",Titan,Archfiend,0.22,0.0,0.99,0.0,0.99
79155167,Armor Blast,Spell Card,"Target 1 face-up ""Inzektor"" card you control and 2 face-up cards your opponent controls; destroy them.",Normal,Inzektor,0.28,0.31,1.35,0.5,0.39
69852487,Astraltopia,Effect Monster,"If an Xyz Monster(s) is on the field: You can Special Summon this card from your hand. You can send 1 other card from your hand or field to the GY; add 1 ""Xyz"", ""Onomat"", ""Zexal"", or ""Number"" Spell/Trap, from your Deck to your hand. You can only use each effect of ""Astraltopia"" once per turn.",Warrior,Utopic,0.21,0.16,0.99,0.25,0.25
3103067,Attack Guidance Armor,Trap Card,"When a monster declares an attack: Activate 1 of these effects.
● Destroy the attacking monster.
● Target 1 monster on the field, except the attacking monster; change the attack target to it and perform damage calculation.
You can only activate 1 ""Attack Guidance Armor"" per turn.",Normal,,0.0,0.0,8.0,0.29,0.0
7183277,"Aurkus, Lightsworn Druid",Effect Monster,"Neither player can target ""Lightsworn"" monsters (anywhere) with card effects. During each of your End Phases: Send the top 2 cards of your Deck to the Graveyard.",Beast-Warrior,Lightsworn,0.27,0.21,2.99,4.0,0.25
84914462,Axe Dragonute,Effect Monster,"If this card attacks, it is changed to Defense Position at the end of the Damage Step.",Dragon,,0.15,0.05,0.99,0.25,0.25
89832901,B. Dragon Jungle King,Normal Monster,A jet-black dragon found in the deepest jungles who normally devours trees.,Dragon,,0.0,0.0,2.5,2.69,0.0
7165085,Bait Doll,Spell Card,"Target 1 Set card in the Spell & Trap Card Zone; reveal that target, force its activation if it is a Trap Card, then negate its effect if the activation timing is incorrect, and if you do, destroy it. (If it is not a Trap Card, return it face-down.) When this card resolves, shuffle it into the Deck instead of sending it to the Graveyard.",Normal,,0.22,0.37,1.99,0.25,0.25
55401221,Batteryman D,Effect Monster,"Your opponent cannot select a Thunder-Type monster you control as an attack target (except ""Batteryman D"").",Thunder,Batteryman,0.18,0.12,3.95,1.3,0.25
80949182,Battlewasp - Hama the Conquering Bow,Synchro Monster,"1 Tuner + 1+ non-Tuner monsters
If this card was Synchro Summoned using a Synchro Monster as material, it can make a second attack during each Battle Phase. You can only use each of the following effects of ""Battlewasp - Hama the Conquering Bow"" once per turn.
● When this card inflicts battle damage to your opponent: You can make all monsters your opponent currently controls lose 1000 ATK/DEF.
● At the end of your Battle Phase, if your opponent has not taken any battle damage this Phase: You can inflict 300 damage to your opponent for each ""Battlewasp"" monster in your GY.",Insect,Battlewasp,0.42,0.41,1.29,0.81,1.49
27134209,"Beargram, Shelled Emperor of the Forest Crown",Effect Monster,"Cannot be Normal Summoned/Set. Must be Special Summoned (from your hand or GY) by banishing 3 Insect and/or Plant monsters from your hand and/or GY. You can only Special Summon ""Beargram, Shelled Emperor of the Forest Crown"" once per turn. Your opponent cannot activate monster effects in response to your Spell/Trap Card or effect activation. Once per turn, during your Main Phase: You can destroy all face-up monsters on the field, except Insect and Plant monsters, also this card cannot attack directly for the rest of this turn.",Insect,,0.74,1.08,1.47,0.0,5.99
29616941,Beautiful Beast Trainer,Normal Monster,A rare female beast-master with a very dangerous whip.,Warrior,,0.0,0.0,11.98,4.64,0.0
32452818,Beaver Warrior,Normal Monster,What this creature lacks in size it makes up for in defense when battling in the prairie.,Beast-Warrior,,0.06,0.03,0.99,1.03,0.25
300302045,Beware the Brothers Paradox!,Skill Card,"Apply the following Skills:
● You can Normal Summon Level 7 monsters for 1 less Tribute.
● You can Tribute Summon 1 Level 7 monster face-up, in addition to your Normal Summon/Set.
● Your opponent takes no effect damage.
● You can only attack with 1 monster each turn, but that monster can make a second attack on monsters during each Battle Phase.",Paradox Broth,,0.16,0.0,0.99,0.0,0.39
50323155,Black Horn of Heaven,Trap Card,"When your opponent would Special Summon exactly 1 monster: Negate the Special Summon, and if you do, destroy it.",Counter,,0.8,0.45,7.95,2.33,1.99
69973414,Blackwing - Twin Shadow,Trap Card,"Return 2 of your ""Blackwing"" monsters that are banished and/or in your GY to the Deck and/or Extra Deck (1 Tuner and 1 non-Tuner); Special Summon 1 ""Blackwing"" Synchro Monster or ""Black-Winged Dragon"" from your Extra Deck whose Level exactly equals the total Levels of those monsters. (This is treated as a Synchro Summon.) If you control 2 or more ""Blackwing"" monsters, you can activate this card from your hand. You can only activate 1 ""Blackwing - Twin Shadow"" per turn.",Normal,Blackwing,0.08,0.1,0.99,1.17,0.25
27923575,Boo-Boo Game,Trap Card,"During damage calculation, if a monster battles: You take no battle damage from that battle. If this Set card in its owner's control is destroyed by your opponent's card effect and sent to the GY: You can target up to 2 Normal Traps in your GY, except ""Boo-Boo Game""; Set them to your field. They can be activated this turn. You can only use this effect of ""Boo-Boo Game"" once per turn.",Normal,,0.18,0.17,0.99,0.99,0.49
9715126,Boot-Up Order - Gear Force,Trap Card,"When either player's monster declares an attack and all monsters you control are face-up Machine monsters (min. 1): Destroy Attack Position monsters your opponent controls, up to the number of Machine monsters you control.",Normal,Boot-Up,0.32,0.41,5.01,0.49,0.99
85289965,Borrelsword Dragon,Link Monster,"3+ Effect Monsters
Cannot be destroyed by battle. Once per turn (Quick Effect): You can target 1 Attack Position monster; change it to Defense Position, also, this card can make a second attack during each Battle Phase this turn. Your opponent cannot activate cards or effects in response to this effect's activation. Once per turn, when this card declares an attack on a face-up monster: You can activate this effect; until the end of this turn, this card gains ATK equal to half that monster's current ATK, and if it does, that monster's current ATK is halved.",Dragon,Borrel,0.85,1.55,1.99,9.99,1.99
16719802,Bright Star Dragon,Effect Monster,When this card is Normal Summoned: You can target 1 other face-up monster on the field; increase that target's Level by 2 until the end of this turn.,Dragon,,0.2,0.09,3.0,0.2,0.25
50321796,"Brionac, Dragon of the Ice Barrier",Synchro Monster,"1 Tuner + 1+ non-Tuner monsters
You can discard any number of cards to the GY, then target the same number of cards your opponent controls; return those cards to the hand. You can only use this effect of ""Brionac, Dragon of the Ice Barrier"" once per turn.",Sea Serpent,Ice Barrier,0.38,0.27,0.99,0.7,0.49
16157341,Bujingi Ibis,Effect Monster,"During your Main Phase 1: You can send this card from your hand to the Graveyard, then target 1 ""Bujin"" monster you control; this turn, if it attacks a Defense Position monster, inflict piercing battle damage to your opponent.",Winged Beast,Bujin,0.1,0.05,0.99,0.2,0.25
5818294,Bujingi Turtle,Effect Monster,"During either player's turn, when a card or effect is activated that targets a ""Bujin"" monster you control (except during the Damage Step): You can banish this card from your Graveyard; negate that effect.",Beast,Bujin,0.13,0.09,0.99,0.25,0.25
13513663,Castle of Dragon Souls,Trap Card,"Once per turn: You can banish 1 Dragon monster from your GY, then target 1 monster you control; it gains 700 ATK until the end of this turn (even if this card leaves the field). When this face-up card on the field is sent to the GY: You can target 1 of your banished Dragon monsters; Special Summon that target. You can only control 1 ""Castle of Dragon Souls"".",Continuous,,0.1,0.08,0.99,0.82,0.25
85893201,Chain Ignition,Trap Card,"Once per turn, if a monster(s) your opponent controls is destroyed by your opponent's card effect (except during the Damage Step): You can target 1 card on the field; destroy that target.",Continuous,,0.06,0.04,0.99,0.25,0.49
18914778,Change Slime,Normal Monster,A slime that can morph and adopt the shape and size of any monster it chooses.,Aqua,Slime,0.18,0.06,5.0,0.25,0.25
18859369,Chaos Grepher,Effect Monster,"While face-up on the field, this card is also DARK-Attribute. You can discard 1 LIGHT or DARK monster; send 1 LIGHT or DARK monster with a different Attribute from your Deck to the GY, but for the rest of this turn, you cannot Special Summon monsters with the same name the sent monster had in the GY. You can only use this effect of ""Chaos Grepher"" once per turn.",Warrior,Chaos,0.16,0.09,0.99,0.45,1.49
99397762,Cipher Bit,Trap Card,"Target 1 ""Galaxy-Eyes"" or ""Cipher"" Xyz Monster you control; attach this card to it as an Xyz Material, and if you do, the next time it would be destroyed by battle or card effect this turn, it is not destroyed.",Normal,Cipher,0.13,0.07,0.99,0.25,0.49
23265313,Cost Down,Spell Card,"Discard 1 card; for the rest of this turn, reduce the Levels of all monsters in your hand by 2 (even after they are Summoned).",Normal,,0.06,0.09,0.99,2.99,0.25
58371671,Crystal Aegis,Spell Card,"Target 1 ""Crystal Beast"" Monster Card you control; destroy it, then Special Summon 1 ""Crystal Beast Token"" with the destroyed monster's original Type, Attribute, Level, and ATK/DEF. If a ""Crystal Beast"" card(s) is placed in your Spell & Trap Zone while this card is in your GY, even during the Damage Step: You can banish this card; Special Summon 1 ""Crystal Beast"" Monster Card from your Spell & Trap Zone. You can only use this effect of ""Crystal Aegis"" once per turn.",Normal,Crystal,0.1,0.09,0.99,0.0,0.39
55326323,Crystron Token,Token,"This card can be used as a ""Crystron Token"".


*If used for another Token, apply that Token's Type/Attribute/Level/ATK/DEF.",Machine,Crystron,0.0,0.0,18.97,113.7,0.0
74157028,Cyber Twin Dragon,Fusion Monster,"""Cyber Dragon"" + ""Cyber Dragon""
A Fusion Summon of this card can only be done with the above Fusion Materials. This card can make a second attack during each Battle Phase.",Machine,,0.37,0.16,0.99,4.75,0.39
65037172,Cyberse Sage,Ritual Effect Monster,"You can Ritual Summon this card with ""Cynet Ritual"". You can only use each of the following effects of ""Cyberse Sage"" once per turn. During your Main Phase: You can Fusion Summon 1 Fusion Monster from your Extra Deck, by banishing Fusion Materials mentioned on it from your field and/or GY, including a Cyberse monster. If this card is sent to the GY as Synchro Material: You can target 1 Cyberse monster or 1 Ritual Spell in your GY; add it to your hand.",Cyberse,Cyber,0.06,0.07,0.99,0.0,0.25
36368606,Cynet Refresh,Trap Card,"When an opponent's Cyberse monster declares an attack: Destroy all monsters in the Main Monster Zones. During the End Phase of this turn, Special Summon from the GY as many Cyberse Link Monsters as possible, to their owner's fields, that were destroyed by this effect. When an opponent's monster activates its effect: You can banish this card from your GY; Cyberse Link Monsters you currently control are unaffected by card effects, except their own, until the end of this turn.",Normal,,0.11,0.03,0.99,3.16,0.49
11609969,D/D Savant Kepler,Pendulum Effect Monster,"[ Pendulum Effect ] 
You cannot Pendulum Summon monsters, except ""D/D"" monsters. This effect cannot be negated. Once per turn, during your Standby Phase: Reduce this card's Pendulum Scale by 2 (min. 1), then destroy all monsters you control with a Level greater than or equal to this card's Pendulum Scale, except ""D/D"" monsters.
[ Monster Effect ] 
If this card is Normal or Special Summoned: You can activate 1 of these effects. You can only use this effect of ""D/D Savant Kepler"" once per turn.
● Target 1 other ""D/D"" card you control; return it to the hand.
● Add 1 ""Dark Contract"" card from your Deck to your hand.",Fiend,D/D,0.2,0.12,1.5,3.94,0.99
92536468,D/D/D Rebel King Leonidas,Pendulum Effect Monster,"[ Pendulum Effect ] 
When you take effect damage (except during the Damage Step): You can destroy this card, and if you do, any effect that would inflict damage to a player this turn increases their LP by the same amount, instead.
[ Monster Effect ] 
When you take effect damage (except during the Damage Step): You can Special Summon this card from your hand, and if you do, gain LP equal to the damage you took. You take no effect damage.",Fiend,D/D,0.08,0.04,2.39,3.99,0.39
38033121,Dark Magician Girl,Effect Monster,"Gains 300 ATK for every ""Dark Magician"" or ""Magician of Black Chaos"" in the GY.",Spellcaster,Dark Magician,0.38,0.14,6.49,2.14,0.39
54527349,Darklord Uprising,Trap Card,"Send 1 ""Darklord"" monster from your hand or face-up field to the GY; Fusion Summon 1 DARK Fusion Monster from your Extra Deck, using monsters from your hand or field as Fusion Material, then, you can gain LP equal to the original ATK of the monster sent to the GY to activate this card. You can only activate 1 ""Darklord Uprising"" per turn.",Normal,Darklord,0.05,0.06,0.99,0.25,0.25
34659866,Darksea Rescue,Effect Monster,"If this card is used for a Synchro Summon and sent to the Graveyard, the owner of this card draws 1 card.",Machine,,0.73,0.12,1.49,0.99,0.79
59913418,"Demise, Supreme King of Armageddon",Ritual Effect Monster,"You can Ritual Summon this card with ""Cycle of the World"". This card's name becomes ""Demise, King of Armageddon"" while in the hand or on the field. While this Ritual Summoned card is on the field, your Ritual Monsters cannot be destroyed by battle. If all monsters used to Ritual Summon this card were Ritual Monsters, you do not pay LP to activate its effects. Once per turn: You can pay 2000 LP; destroy as many other cards on the field as possible, and if you do, inflict 200 damage to your opponent for each destroyed card they controlled.",Fiend,Demise,0.22,0.16,1.99,2.25,0.39
69579761,Des Koala,Flip Effect Monster,FLIP: Inflict 400 damage to your opponent for each card in their hand.,Beast,Koala,0.27,0.27,2.5,0.78,0.39
80560728,Dimension Mirage,Trap Card,"Activate this card by targeting 1 face-up Attack Position monster your opponent controls. At the end of the Damage Step, when it attacks a monster, but the attack target was not destroyed by the battle: You can banish 1 monster from your Graveyard; it must attack again in a row. If the targeted monster leaves the field, destroy this card.",Continuous,,0.14,0.13,3.95,0.25,0.49
52807032,Dinomorphia Sonic,Trap Card,"When your opponent activates a Spell/Trap Card, while you control a ""Dinomorphia"" monster: Pay half your LP; negate the activation, and if you do, destroy that card, then, destroy 1 ""Dinomorphia"" monster you control. During damage calculation, while your LP are 2000 or less, if you would take battle damage: You can banish this card from your GY; you take no battle damage from that battle. You can only activate 1 ""Dinomorphia Sonic"" per turn.",Counter,Dinomorphia,0.1,0.09,0.99,0.25,0.39
42149850,Disposable Learner Device,Spell Card,"The equipped monster gains 200 ATK for each monster in your GY. During the End Phase, if this card is in the GY because it was sent there from the field this turn: You can Set this card, but banish it when it leaves the field. You can only use this effect of ""Disposable Learner Device"" once per turn.",Equip,,0.03,0.02,0.99,0.2,0.49
30325729,Dokuroyaiba,Normal Monster,A boomerang with brains that will pursue a target to the ends of the earth.,Fiend,,0.09,0.14,1.0,0.2,0.25
14146794,Donyoribo @Ignister,Effect Monster,"During damage calculation, if your ""@Ignister"" monster is attacked (Quick Effect): You can discard this card; you take no battle damage from that battle. When an ""@Ignister"" monster effect, or ""A.I."" Spell/Trap Card or effect, is activated that inflicts damage to your opponent, even during the Damage Step (Quick Effect): You can banish this card from your GY; double that damage inflicted to your opponent. You can only use each effect of ""Donyoribo @Ignister"" once per turn.",Cyberse,@Ignister,0.11,0.09,0.99,0.25,0.49
72490637,Dowsing Fusion,Spell Card,"Fusion Summon 1 Fusion Monster from your Extra Deck, by banishing Fusion Materials listed on it from your GY. Only Pendulum Monsters can be used as Fusion Material for this card's effect. You can only activate 1 ""Dowsing Fusion"" per turn.",Normal,,0.06,0.04,0.99,44.99,0.49
26577155,Dragunity Remus,Tuner Monster,"Cannot be used as Synchro Material, except for the Synchro Summon of a ""Dragunity"" monster. You can discard this card; add 1 ""Dragon Ravine"" from your Deck to your hand. If you control a ""Dragunity"" monster: You can Special Summon this card from your GY, but banish it when it leaves the field, also you cannot Special Summon monsters from the Extra Deck for the rest of this turn, except Dragon monsters. You can only use each effect of ""Dragunity Remus"" once per turn.",Dragon,Dragunity,2.82,2.73,4.99,3.54,2.99
94145021,Droll & Lock Bird,Effect Monster,"If a card(s) is added from the Main Deck to your opponent's hand, except during the Draw Phase (Quick Effect): You can send this card from your hand to the GY; for the rest of this turn, cards cannot be added from either player's Main Deck to the hand.",Spellcaster,,4.31,4.48,3.88,18.48,2.99
5833312,Duel Academy,Spell Card,"This card gains these effects based on the Types of monsters on the field.
● Warrior, Beast, or Pyro: Once per turn, if you activate a Trap Card: You can target 1 card your opponent controls; destroy it.
● Dinosaur, Sea Serpent, or Thunder: Once per turn, if you activate a Spell Card: You can inflict 1000 damage to your opponent.
● Machine, Fairy, or Fiend: Once per turn, if you activate a monster effect: You can target 1 face-up monster you control; it gains 1000 ATK.",Field,,0.65,0.33,22.99,20.64,3.99
6330307,DZW - Chimera Clad,Effect Monster,"You can target 1 ""Number C39"" monster you control; equip this monster from your hand or your side of the field to that target. The equipped monster cannot be destroyed by battle. At the end of the Damage Step, when the equipped monster attacks an opponent's monster, but the opponent's monster was not destroyed by the battle: You can make the opponent's monster's ATK 0 (even after this card leaves the field or the monster becomes unaffected by card effects), and if you do, the equipped monster can make a second attack on the same monster in a row.",Fiend,,0.12,0.12,0.99,0.25,0.25
85507811,Elemental HERO Glow Neos,Fusion Monster,"""Elemental HERO Neos"" + ""Neo-Spacian Glow Moss""
Must first be Special Summoned (from your Extra Deck) by shuffling the above cards you control into the Deck. (You do not use ""Polymerization"".) During the End Phase: Shuffle this card into the Extra Deck. Once per turn, during your Main Phase 1: You can target 1 face-up card your opponent controls; destroy that target, then apply the effect based on its type. ● Monster: This card cannot attack this turn. ● Spell: This card can attack your opponent directly this turn. ● Trap: Change this card to Defense Position.",Warrior,Elemental HERO,3.62,3.62,9.95,0.89,7.99
26022485,Enervating Mist,Trap Card,Your opponent's hand size limit becomes 5.,Continuous,,0.19,0.61,21.98,1.23,0.99
77841719,Evilswarm Coppelia,Effect Monster,Cannot be Special Summoned. When this card leaves the field because of your opponent's card (either by battle or by card effect): You can target 1 face-up monster your opponent controls; take control of that target until your next End Phase.,Machine,Lswarm,0.16,0.11,2.95,0.25,0.25
20855340,Evoltile Pleuro,Effect Monster,"If this card you control is destroyed and sent to your Graveyard: You can Special Summon 1 ""Evolsaur"" monster from your hand.",Reptile,Evolsaur,0.16,0.04,0.99,0.2,0.25
74131780,Exiled Force,Effect Monster,You can Tribute this card to target 1 monster on the field; destroy that target.,Warrior,,0.25,0.16,2.49,0.95,0.39
38383368,Extraceratops,Effect Monster,"When a monster in the Extra Monster Zone is destroyed by battle with a monster in the Main Monster Zone and sent to the GY, while this card is in the GY: You can Special Summon this card, in Defense Position, to the field of that destroyed monster's owner. You can only use this effect of ""Extraceratops"" once per turn. If this card Summoned this way is destroyed and sent to the GY: Draw 1 card.",Warrior,,0.03,0.03,0.99,0.25,0.49
4376658,Familiar-Possessed - Hiita,Effect Monster,"You can Special Summon this card (from your hand or Deck) by sending 1 face-up ""Hiita the Fire Charmer"" and 1 face-up FIRE monster you control to the GY. If this card Special Summoned by its own effect attacks a Defense Position monster, inflict piercing battle damage.",Spellcaster,Charmer,0.14,0.08,2.95,1.24,0.25
19394153,Feather Shot,Spell Card,"Target 1 face-up ""Elemental HERO Avian"" you control; during this turn, that target can attack a number of times equal to the number of monsters you control when this card resolves, but cannot attack directly, and other monsters you control cannot attack this turn.",Normal,Elemental HERO,0.18,0.21,22.99,0.5,0.25
98596597,Fireball Token,Token,"Special Summoned with the effect of ""Goka, the Pyre of Malice"".",Pyro,,0.0,0.0,0.0,0.95,0.0
66853752,Fishborg Launcher,Tuner Monster,"If you have a monster(s) in your Graveyard other than ""Fishborg Launcher"", and all of them are WATER: You can Special Summon this card from your Graveyard. If you do, banish it when it leaves the field. This card cannot be used as a Synchro Material Monster, except for the Synchro Summon of a WATER monster. You can only use the effect of ""Fishborg Launcher"" once per turn.",Fish,Fishborg,0.18,0.11,3.99,0.79,0.25
60718396,Flamvell Counter,Trap Card,"When a Spell/Trap Card is activated: Banish 1 FIRE monster with 200 DEF from your Graveyard; negate the activation, and if you do, destroy it.",Counter,Flamvell,0.59,0.19,1.49,1.29,0.39
38124994,Fluffal Rabbit,Effect Monster,"If this card is sent to the Graveyard as a Fusion Material for a Fusion Summon: You can target 1 ""Edge Imp Sabres"" or 1 ""Fluffal"" monster in your Graveyard, except ""Fluffal Rabbit""; add it to your hand. You can only use this effect of ""Fluffal Rabbit"" once per turn.",Fairy,Fluffal,0.21,0.19,1.33,0.79,0.25
66765023,Flying Elephant,Effect Monster,"Once per opponent's turn, if this card would be destroyed by their card effect, it is not destroyed. Once per turn, during their End Phase, if that effect was applied this turn: Apply the following effect.
● During your next turn, if this card inflicts battle damage to your opponent by a direct attack, you win the Duel.",Beast,,4.74,5.34,7.5,29.99,5.99
84218527,Fortune Lady Rewind,Trap Card,"Target any number of your banished ""Fortune Lady"" monsters with different names; Special Summon them, but shuffle them into the Deck during the End Phase. You can only activate 1 ""Fortune Lady Rewind"" per turn.",Normal,Fortune Lady,0.16,0.18,0.99,0.4,0.49
10383554,Frightfur Leo,Fusion Monster,"""Edge Imp Saw"" + 1 ""Fluffal"" monster
Must be Fusion Summoned and cannot be Special Summoned by other ways. You can target 1 face-up monster your opponent controls; destroy it, and if you do, inflict damage to your opponent equal to the destroyed monster's original ATK. You can only use this effect of ""Frightfur Leo"" once per turn. This card cannot attack your opponent directly during the turn you activate this effect.",Fiend,Edge Imp,0.48,0.22,2.68,3.59,1.49
57477163,Frightfur Sheep,Fusion Monster,"""Edge Imp Chain"" + 1 ""Fluffal"" monster
If this card battles, your opponent cannot activate cards or effects until the end of the Damage Step. If this card is destroyed by battle and sent to the Graveyard, or if this card in your possession is destroyed by an opponent's card effect and sent to your Graveyard: You can Special Summon this card, and if you do, it gains 800 ATK. You can only use this effect of ""Frightfur Sheep"" once per turn.",Fiend,Edge Imp,0.19,0.31,1.35,1.26,0.25
64107820,Future Glow,Spell Card,"Activate this card by banishing 1 Psychic-Type monster from your Graveyard, and note its Level; all Psychic-Type monsters you control gain ATK equal to that Level x 200.",Continuous,,0.17,0.08,0.99,0.25,0.25
2530830,Galaxy-Eyes Cipher Blade Dragon,XYZ Monster,"3 Level 9 monsters
You can also Xyz Summon this card by using a Rank 8 ""Galaxy-Eyes"" Xyz Monster you control as material. (Transfer its materials to this card.) Cannot be used as material for an Xyz Summon. Once per turn: You can detach 1 material from this card, then target 1 card on the field; destroy it. If this Xyz Summoned card you control, is destroyed by battle with an opponent's attacking monster, or destroyed by an opponent's card effect, and sent to your GY: You can target 1 ""Galaxy-Eyes Cipher Dragon"" in your GY; Special Summon it.",Dragon,Cipher,0.32,0.66,2.99,1.19,0.99
71525232,Gandora-X the Dragon of Demolition,Effect Monster,"When this card is Normal or Special Summoned from the hand: You can destroy as many other monsters on the field as possible, and if you do, inflict damage to your opponent equal to the highest original ATK on the field among those destroyed monsters (your choice, if tied). This card's ATK becomes equal to the damage inflicted to your opponent by this effect. Once per turn, during your End Phase: Halve your LP.",Dragon,,0.17,0.26,1.89,4.74,0.25
61398234,Gate Guardian of Wind and Water,Fusion Monster,"""Kazejin"" + ""Suijin""
Must be Special Summoned (from your Extra Deck) by banishing the above cards you control. Once per Chain, when your opponent activates a Spell/Trap Card or effect on the field (Quick Effect): You can negate that effect. You can only use this effect of ""Gate Guardian of Wind and Water"" twice per turn. If this face-up Special Summoned card in its owner's control leaves the field because of an opponent's card: You can Special Summon 1 of your banished ""Kazejin"" or ""Suijin"".",Spellcaster,Gate Guardian,0.48,0.4,0.0,0.0,1.49
29087919,Geargia Change,Spell Card,"Target 2 or more ""Geargiano"" monsters with different names in your Graveyard; Special Summon them. Immediately after this card resolves, Xyz Summon 1 Xyz Monster using all the Summoned monsters (but no other monsters) as Materials. You can only activate 1 ""Geargia Change"" per turn.",Quick-Play,Geargia,0.17,0.1,0.99,0.45,0.49
45662855,Gem-Knight Iolite,Gemini Monster,"This card is treated as a Normal Monster while face-up on the field or in the Graveyard. While this card is face-up on the field, you can Normal Summon it to have it become an Effect Monster with this effect.
● Once per turn: You can banish 1 ""Gem-"" monster from your Graveyard to target 1 ""Gem-Knight"" card in your Graveyard; add that target to your hand.",Aqua,Gem-,0.29,0.37,1.75,0.91,0.39
53408006,Gem-Merchant,Effect Monster,"During the Damage Step, in either player's turn, when a face-up EARTH Normal Monster you control attacks or is attacked: You can send this card from your hand to the Graveyard; that monster gains 1000 ATK and DEF until the End Phase.",Spellcaster,Gem-,0.19,0.15,0.99,0.83,0.39
72913666,Ghostrick Warwolf,Effect Monster,"Cannot be Normal Summoned, unless you control a ""Ghostrick"" monster. Once per turn: You can change this card to face-down Defense Position. When this card is flipped face-up: Inflict 100 damage to your opponent for each Set card on the field. You can only use this effect of ""Ghostrick Warwolf"" once per turn.",Zombie,Ghostrick,0.44,0.15,3.74,1.76,0.39
58012707,Giant Ballpark,Spell Card,"During damage calculation, if a player would take battle damage: You can make neither player take any battle damage from that battle, and if you do, send 1 Level 4 or lower Insect monster from your Deck to the GY, then, if you sent a Normal Monster this way, you can Special Summon any number of monsters with the same name as that monster, from your hand, Deck, and/or GY. If a monster(s) you control is sent to the GY by an opponent's card effect (except during the Damage Step): You can Special Summon 1 Insect Normal Monster from your GY. You can only use each effect of ""Giant Ballpark"" once per turn.",Field,,0.2,0.11,0.99,1.02,0.25
63422098,Giganticastle,Synchro Monster,"1 Tuner + 1 or more non-Tuner monsters
This card gains 200 ATK and DEF for each non-Tuner Synchro Material Monster used to Synchro Summon this card.",Rock,,0.2,0.21,2.0,0.2,0.49
69933858,Gilford the Legend,Effect Monster,Cannot be Special Summoned. When this card is Normal Summoned: You can equip as many Equip Spell Cards from your Graveyard as possible to a Warrior-Type monster(s) you control.,Warrior,,0.51,0.39,3.0,1.36,1.99
76543119,Gimmick Puppet Des Troy,Effect Monster,"Once while face-up on the field: You can target 1 ""Gimmick Puppet"" monster on the field; destroy it. When this card is sent from the field to the GY: You can Special Summon 1 or 2 ""Gimmick Puppet"" monsters from your hand.",Machine,Gimmick Puppet,0.15,0.02,0.99,0.25,0.49
73551138,Gishki Emilia,Spirit Monster,"Cannot be Special Summoned. During the End Phase of the turn this card is Normal Summoned or flipped face-up: Return it to the hand. When this card is Normal Summoned or flipped face-up: Negate all Trap Card effects on the field, until the End Phase. You must control another face-up ""Gishki"" monster to activate and to resolve this effect.",Spellcaster,Gishki,0.34,0.31,1.49,0.99,0.25
54088068,Gouki Headbatt,Effect Monster,"If this card is in your hand: You can send 1 other ""Gouki"" monster from your hand to the GY, then target 1 ""Gouki"" monster you control; Special Summon this card in Defense Position, and if you do, the targeted monster gains 800 ATK until the end of this turn. If this card is sent from the field to the GY: You can add 1 ""Gouki"" card from your Deck to your hand, except ""Gouki Headbatt"". You can only use each effect of ""Gouki Headbatt"" once per turn.",Warrior,Gouki,0.25,0.08,1.75,1.25,0.25
16632144,Grappler Angler,Tuner Monster,When this card inflicts battle damage to your opponent by a direct attack: You can target 1 monster in your GY; Special Summon it in Defense Position.,Warrior,,0.06,0.02,0.99,0.25,0.49
62473983,Gravekeeper's Chief,Effect Monster,"You can only control 1 face-up ""Gravekeeper's Chief"". Your GY is unaffected by ""Necrovalley"". When this card is Tribute Summoned: You can target 1 ""Gravekeeper's"" monster in your GY; Special Summon that target.",Spellcaster,Gravekeeper's,0.21,0.24,3.25,0.78,0.25
23656668,Gravity Controller,Link Monster,"1 non-Link Monster in an Extra Monster Zone
Cannot be used as Link Material the turn it is Link Summoned. This card in the Extra Monster Zone cannot be destroyed by battle with a monster in the Main Monster Zone. At the start of the Damage Step, if this card battles an opponent's monster in the Extra Monster Zone: You can return both that opponent's monster and this card to the Deck.",Psychic,,0.08,0.15,0.99,0.25,0.49
89272878,Guardian of the Labyrinth,Normal Monster,A monster that guards the entrance to the Netherworld.,Warrior,,0.09,0.37,1.99,1.62,0.25
11908584,Guardragon Corewakening,Trap Card,"You can send 1 Effect Monster from your hand to the GY; Special Summon 1 Level 4 or lower Dragon Normal Monster from your hand, Deck, or GY, in Defense Position. You can only use this effect of ""Guardragon Corewakening"" once per turn.",Continuous,Guardragon,0.05,0.05,0.99,0.45,0.25
45883110,"Guiding Quem, the Virtuous",Tuner Monster,"(This card is always treated as a ""Dogmatika"" and ""Despia"" card.)
If this card is Normal or Special Summoned: You can send 1 ""Fallen of Albaz"" or 1 card that mentions it from your Deck to the GY. If a card(s) leaves the Extra Deck (except during the Damage Step): You can target 1 ""Fallen of Albaz"", or 1 monster that mentions it, in your GY, except ""Guiding Quem, the Virtuous""; Special Summon it. You can only use each effect of ""Guiding Quem, the Virtuous"" once per turn.",Spellcaster,Despia,28.23,29.04,0.0,0.0,49.99
58441120,Harmonic Waves,Spell Card,Target 1 face-up monster on the field; it becomes Level 4 until the End Phase.,Normal,,0.2,0.08,1.5,0.25,0.25
20071842,Heavy Interlock,Spell Card,"This card is used to Ritual Summon ""Borreload Riot Dragon"". You must also Tribute monsters from your hand or field, and/or destroy ""Rokket"" monsters from your hand or face-up field, whose total Levels equal 8 or more. The monster Special Summoned by this effect cannot be destroyed by battle with a monster Special Summoned from the Extra Deck, and is unaffected by the activated effect of any monster Special Summoned from the Extra Deck.",Ritual,,0.21,0.14,0.99,0.57,0.25
66337215,Herald of Creation,Effect Monster,"Once per turn: You can discard 1 card, then target 1 Level 7 or higher monster in your Graveyard; add that target to your hand.",Spellcaster,Herald,0.1,0.09,0.99,1.07,0.25
74593218,Heroic Champion - Kusanagi,XYZ Monster,"3 Level 4 Warrior-Type monsters
Once per turn, during either player's turn, when a Trap Card is activated: You can detach 1 Xyz Material from this card; negate the activation, and if you do, destroy it, then this card gains 500 ATK.",Warrior,Heroic,2.12,1.49,2.99,1.95,2.99
97007933,Hi-Speedroid Kendama,Synchro Monster,"1 Tuner + 1 or more non-Tuner monsters
If this card attacks a Defense Position monster, inflict piercing battle damage to your opponent. You can only use each of the following effects of ""Hi-Speedroid Kendama"" once per turn.
● You can banish 1 Machine-Type monster from your Graveyard; inflict 500 damage to your opponent.
● If this card is in your Graveyard and you control no cards: You can Special Summon this card. You cannot Normal Summon/Set the turn you activate this effect.",Machine,Hi-Speedroid,0.47,0.26,0.99,1.63,0.39
24361622,Hieratic Seal of the Heavenly Spheres,Link Monster,"2 Dragon monsters
Once per opponent's turn, if this card is in the Extra Monster Zone (Quick Effect): You can Tribute 1 monster from your hand or field; return 1 face-up card on the field to the hand. If this card is Tributed: Special Summon 1 Dragon monster from your hand or Deck, but make its ATK/DEF 0. You can only use this effect of ""Hieratic Seal of the Heavenly Spheres"" once per turn.",Dragon,Hieratic,0.27,0.38,2.85,7.97,0.99
759393,Hiita the Fire Charmer,Flip Effect Monster,FLIP: Target 1 face-up FIRE monster your opponent controls; take control of that target while this card is face-up on the field.,Spellcaster,Charmer,0.15,0.05,0.99,5.48,0.25
55749927,Horn of Olifant,Trap Card,"Activate 1 of these effects;
● Banish 1 Equip Spell you control or in your GY, then you can destroy 1 card on the field.
● Destroy 1 ""Roland"" monster you control, then Special Summon in Defense Position up to 3 FIRE Warrior monsters from your Deck, whose total Levels equal 9, but their effects are negated, also, until the end of your next turn after this effect resolves, you cannot Special Summon monsters, except Warrior monsters.
You can only activate 1 ""Horn of Olifant"" per turn.",Normal,Roland,0.06,0.04,0.99,0.45,0.49
9627468,Humongous Hive Hegemon - Zexstagger,Effect Monster,"Gains 300 ATK for each Insect monster on the field, except this card. You can only use each of the following effects of ""Humongous Hive Hegemon - Zexstagger"" once per turn. If an Insect monster(s) is Special Summoned (except during the Damage Step): You can Special Summon this card from your hand. During the End Phase: Activate this effect; each player can Special Summon 1 Insect monster from their hand or GY, but negate its effects.",Insect,,0.14,0.17,0.0,0.0,0.49
71415349,Humpty Grumpty,Effect Monster,Once per turn: You can change this card to face-down Defense Position. If this card is Flip Summoned: It gains 800 ATK until the end of this turn.,Zombie,,0.18,0.14,3.95,0.25,0.49
2671330,Hyper Hammerhead,Effect Monster,"At the end of the Damage Step, if an opponent's monster that battled this card is not destroyed: Return that opponent's monster to the hand.",Dinosaur,,0.07,0.13,1.5,0.25,0.25
95772051,Ignoble Knight of Black Laundsallyn,Effect Monster,"You can send 1 face-up LIGHT Normal Monster you control to the Graveyard; Special Summon this card from your hand or Graveyard. You can Tribute 1 ""Noble Knight"" monster; add 1 ""Noble Arms"" card from your Deck to your hand. You can only use this effect of ""Ignoble Knight of Black Laundsallyn"" once per turn. You can only control 1 ""Ignoble Knight of Black Laundsallyn"".",Warrior,Noble Knight,0.24,0.33,1.99,1.0,0.99
74148483,Infernity Wildcat,Tuner Monster,"You can Special Summon this card (from your hand) by sending 1 other ""Infernity"" monster in your hand to the GY. You can only Special Summon ""Infernity Wildcat"" once per turn this way. While you have no cards in your hand: You can banish 1 ""Infernity"" monster from your GY; increase or decrease the Level of this card by 1 until the end of this turn. You can only use this effect of ""Infernity Wildcat"" once per turn.",Fiend,Infernity,0.08,0.07,0.99,0.5,0.49
259314,Inzektor Gauntlet,Trap Card,"Target 1 face-up ""Inzektor"" monster you control; equip this card to that target. It gains 1000 DEF, and cannot be destroyed by your opponent's card effects.",Normal,Inzektor,0.18,0.11,0.99,0.25,0.49
70070211,Joruri-P.U.N.K. Nashiwari Surprise,Trap Card,"Target 1 Set card your opponent controls, or, if you control a ""P.U.N.K."" monster, you can target 1 face-up card your opponent controls instead; destroy it. You can only activate 1 ""Joruri-P.U.N.K. Nashiwari Surprise"" per turn.",Normal,P.U.N.K.,0.1,0.12,0.99,0.25,0.49
65430834,Jurassic Impact,Trap Card,"If you control 2 or more Dinosaur monsters and your LP is lower than your opponent's: Destroy as many monsters on the field as possible, and if you do, take 1000 damage for each monster destroyed, then inflict damage to your opponent, equal to the damage you took. Until the end of the next turn after this card is activated, neither player can Normal or Special Summon.",Normal,,0.17,0.21,0.99,0.94,0.49
45711266,Jurrac Ptera,Effect Monster,"If this card is attacked, return the attacking monster to the hand after damage calculation and this card gains DEF equal to the returned monster's Level x 100.",Dinosaur,Jurrac,0.47,0.25,6.95,0.26,0.99
94566432,Kaiser Dragon,Fusion Monster,"""Winged Dragon, Guardian of the Fortress #1"" + ""Fairy Dragon""",Dragon,,1.23,5.49,4.99,0.25,1.99
6284176,Kanzashi the Rikka Queen,XYZ Monster,"2 Level 6 monsters
If a monster(s) is Tributed (except during the Damage Step): You can detach 1 material from this card, then target 1 monster in either GY; Special Summon it, but negate its effects, also it becomes a Plant monster. If a Plant monster(s) you control would be destroyed by a card effect, you can Tribute 1 Plant monster from your hand or field instead. You can only use each effect of ""Kanzashi the Rikka Queen"" once per turn.",Plant,Rikka,0.33,0.28,2.25,8.98,0.49
69540484,Kashtira Birth,Spell Card,"You can Normal Summon Level 7 monsters without Tributing. During your Main Phase: You can Special Summon 1 of your non-Xyz ""Kashtira"" monsters that is banished or in your GY. If your opponent activates a Spell Card or effect, and you control a ""Kashtira"" monster: You can target 3 cards in your opponent's GY; banish them, face-down. You can only use each effect of ""Kashtira Birth"" once per turn.",Continuous,Kashtira,0.59,0.36,1.84,0.0,0.99
3679218,Knightmare Mermaid,Link Monster,"1 ""Knightmare"" monster, except ""Knightmare Mermaid""
If this card is Link Summoned: You can discard 1 card; Special Summon 1 ""Knightmare"" monster from your Deck, then, if this card was co-linked when this effect was activated, you can draw 1 card. You can only use this effect of ""Knightmare Mermaid"" once per turn. Monsters on the field lose 1000 ATK/DEF, unless they are co-linked.",Fiend,Knightmare,0.2,0.3,1.69,1.24,0.49
15710054,Krawler Axon,Flip Effect Monster,"FLIP: You can target 1 Spell/Trap on the field; destroy it.
If this face-up card in its owner's control leaves the field because of an opponent's card effect: You can Special Summon 2 ""Krawler"" monsters with different names from your Deck in face-down Defense Position, except ""Krawler Axon"". You can only use each effect of ""Krawler Axon"" once per turn.",Insect,Krawler,1.19,0.17,2.95,0.99,0.49
16404809,Kuribandit,Effect Monster,"During the End Phase, if this card was Normal Summoned this turn: You can Tribute this card; excavate the top 5 cards of your Deck, you can add 1 excavated Spell/Trap to your hand, also send the remaining cards to the GY.",Fiend,Kuriboh,0.15,0.06,0.99,2.83,0.25
77007920,Laser Cannon Armor,Spell Card,Equip only to an Insect monster. It gains 300 ATK/DEF.,Equip,,0.08,0.1,9.99,2.75,0.39
86223870,Level Retuner,Trap Card,Reduce the Level of 1 face-up monster you control by up to 2.,Normal,,0.03,0.12,0.99,0.59,0.25
14318794,Life Absorbing Machine,Trap Card,"During your Standby Phase, gain Life Points equal to half of the total Life Points you paid during your last turn.",Continuous,,0.24,0.8,0.99,1.5,0.25
49587034,Lightforce Sword,Trap Card,"Banish 1 random card from your opponent's hand, face-down. During your opponent's 4th Standby Phase after this card's activation, return that card to their hand.",Normal,,0.11,0.05,0.99,0.98,0.25
68658728,Little Chimera,Effect Monster,All FIRE monsters on the field gain 500 ATK. All WATER monsters on the field lose 400 ATK.,Beast,,0.14,0.1,0.99,0.25,0.25
36326160,Live☆Twin Ki-sikil,Effect Monster,"Each time an opponent's monster declares an attack, you gain 500 LP. If this card is Normal or Special Summoned and you control no other monsters: You can Special Summon 1 ""Lil-la"" monster from your hand or Deck. You can only use this effect of ""Live☆Twin Ki-sikil"" once per turn.",Cyberse,Live☆Twin,0.26,0.25,0.0,0.0,49.99
17658803,Luster Dragon #2,Normal Monster,"This dragon feeds on emerald. Enchanted by this monster even when attacked, few people live to tell of its beauty.",Dragon,,0.21,0.11,0.99,0.01,0.25
45354718,Lyrilusc - Bird Call,Spell Card,"Take 1 ""Lyrilusc"" monster from your Deck, and either add it to your hand or send it to the GY, then you can Special Summon 1 ""Lyrilusc"" monster with a different name from your hand. You can only activate 1 ""Lyrilusc - Bird Call"" per turn.",Normal,Lyrilusc,1.27,1.85,2.38,2.42,4.99
31034919,Mad Reloader,Effect Monster,"If this card is destroyed by battle and sent to the GY: Send 2 cards from your hand to the GY, and if you do, draw 2 cards.",Fiend,,0.1,0.06,3.99,0.99,0.39
68159562,Madolche Promenade,Trap Card,"Target 1 face-up card your opponent controls and 1 ""Madolche"" monster you control or in your GY; negate the effects of that opponent's card until the end of this turn, and if you do, return your monster to the hand. You can banish this card from your GY, then target 1 ""Madolche"" Xyz Monster you control; attach 1 ""Madolche"" monster from your hand, Deck, or GY, to it as material. You can only use 1 ""Madolche Promenade"" effect per turn, and only once that turn.",Normal,Madolche,0.86,1.79,2.5,8.61,1.99
67227834,Magic Formula,Spell Card,"Equip only to ""Dark Magician"" or ""Dark Magician Girl"". It gains 700 ATK. If this card is sent from the field to the GY: Gain 1000 LP.",Equip,Dark Magician,0.17,0.07,0.99,0.25,0.25
95477924,Magician's Salvation,Spell Card,"When this card is activated: You can Set 1 ""Eternal Soul"" directly from your Deck. If you Normal or Special Summon ""Dark Magician"" or ""Dark Magician Girl"" (except during the Damage Step): You can target 1 of those monsters; Special Summon 1 ""Dark Magician"" or ""Dark Magician Girl"" from your GY, with a different name than that monster. You can only use this effect of ""Magician's Salvation"" once per turn. You can only activate 1 ""Magician's Salvation"" per turn.",Field,Dark Magician,0.42,0.75,1.9,14.99,0.99
68300121,Magikey Spirit - Vepartu,XYZ Monster,"2 Level 4 monsters
If this card is Xyz Summoned: You can detach 1 material from this card; add 1 Level 4 or higher Normal Monster from your Deck or GY to your hand. If this card has a Normal Monster as material, it gains this effect.
● At the start of the Damage Step, if this card battles an opponent's monster with the same Attribute as a Normal Monster or ""Magikey"" monster in your GY: You can detach 1 material from this card; your opponent must send that monster to the GY.",Sea Serpent,Magikey,0.15,0.08,0.99,0.39,0.49
17841166,Magnet Force,Trap Card,"This turn, all monsters on the field whose original Types are Machine or Rock, are unaffected by your opponent's monster effects (except their own).",Normal,,0.33,0.16,2.99,29.99,0.49
31571902,Malevolent Mech - Goku En,Effect Monster,"You can Normal Summon this card without Tributing. Once per turn, during the End Phase, if this card was Summoned this way: Send it to the GY, then take damage equal to its original ATK in the GY. This card must be the only Zombie monster on the field to activate and to resolve this effect.",Zombie,,0.2,0.12,0.99,0.25,0.25
93553943,Man Eater,Normal Monster,Man-eating plant with poison feelers for attacking enemies.,Plant,,0.07,1.24,1.5,1.98,0.25
13903402,"Mardel, Generaider Boss of Light",Effect Monster,"You can only control 1 ""Mardel, Generaider Boss of Light"". If this card is Normal or Special Summoned: You can add 1 ""Generaider"" card or 1 Plant monster from your Deck to your hand, except ""Mardel, Generaider Boss of Light"". You can only use this effect of ""Mardel, Generaider Boss of Light"" once per turn.",Plant,Generaider,0.46,0.24,0.99,8.98,1.99
25726386,Megalith Aratron,Ritual Effect Monster,"You can Ritual Summon this card with a ""Megalith"" card. During the Main Phase (Quick Effect): You can discard this card; Ritual Summon 1 ""Megalith"" Ritual Monster from your hand, by Tributing monsters from your hand or field whose total Levels equal or exceed its Level. When your opponent activates a card or effect that targets a card you control (Quick Effect): You can place 1 Ritual Monster from your GY on the bottom of the Deck, and if you do, negate that activation, and if you do that, destroy it. You can only use each effect of ""Megalith Aratron"" once per turn.",Rock,Megalith,0.22,0.16,1.6,0.25,0.49
68140974,Meklord Emperor Wisel,Effect Monster,"Cannot be Normal Summoned/Set. Must be Special Summoned by its own effect, and cannot be Special Summoned by other ways. When a face-up monster you control is destroyed by a card effect and sent to the Graveyard (except during the Damage Step): You can Special Summon this card from your hand. Other monsters you control cannot declare an attack. Once per turn: You can target 1 Synchro Monster your opponent controls; equip that target to this card. This card gains ATK equal to the combined ATK of the monsters equipped to it by this effect. Once per turn, during either player's turn, when your opponent activates a Spell Card: You can negate the activation, and if you do, destroy it.",Machine,Meklord,0.07,0.04,0.99,0.25,0.39
44656491,Messenger of Peace,Spell Card,"Monsters with 1500 or more ATK cannot declare an attack. Once per turn, during your Standby Phase, pay 100 LP or destroy this card.",Continuous,,1.48,1.19,2.5,0.89,0.99
5972394,Mimiclay,Spell Card,"If your opponent controls a monster: Target 1 Level 2 or lower Defense Position monster you control; Special Summon from your Deck, in Defense Position, 1 monster with the same name as that monster on the field, but banish it when it leaves the field. You can only activate 1 ""Mimiclay"" per turn.",Normal,,0.09,0.04,0.99,0.25,0.49
46864967,Minomushi Warrior,Normal Monster,A rock warrior that wields a heavy blade carved from stone.,Rock,,0.0,0.0,5.0,5.44,0.0
44146295,Mirrorjade the Iceblade Dragon,Fusion Monster,"""Fallen of Albaz"" + 1 Fusion, Synchro, Xyz, or Link Monster
You can only control 1 ""Mirrorjade the Iceblade Dragon"". Once per turn (Quick Effect): You can send 1 Fusion Monster that lists ""Fallen of Albaz"" as material from your Extra Deck to the GY; banish 1 monster on the field, but this effect cannot be used again next turn. If this Fusion Summoned card in its owner's control leaves the field by your opponent: You can activate this effect; destroy all monsters your opponent controls during the End Phase of this turn.",Wyrm,Albaz Dragon,0.23,0.4,1.64,0.57,0.99
44424095,Morphtronic Accelerator,Spell Card,"Return 1 ""Morphtronic"" monster from your hand to the Deck. Destroy 1 card on the field, and draw 1 card.",Normal,Morphtronic,0.58,0.97,1.34,1.0,0.39
4848423,Muscle Medic,Effect Monster,"If a player would take damage from a battle involving this card, they gain that much LP, instead.",Warrior,,0.11,0.09,0.99,0.9,0.49
93900406,Mushroom Man #2,Effect Monster,A player controlling this monster loses 300 Life Points during each of his/her Standby Phases when this card is face-up on the field. Control of this card is shifted to your opponent by paying 500 Life Points at your own End Phase.,Warrior,,0.11,1.49,1.43,0.01,0.0
50457953,Mythic Tree Dragon,Effect Monster,Once per turn: You can target 1 WATER Dragon-Type monster you control; this card's Level becomes the current Level of that monster.,Dragon,,0.2,0.05,1.95,0.2,0.25
98931003,Nanana,Spell Card,Target 1 Level 7 or Rank 7 monster you control; it gains 700 ATK/DEF until the end of this turn.,Normal,,0.0,0.0,122.74,46.0,0.0
3734202,Naturia Sacred Tree,Trap Card,"If this card is sent to the Graveyard: Add 1 ""Naturia"" card from your Deck to your hand, except ""Naturia Sacred Tree"". You can only use 1 of the following effects of ""Naturia Sacred Tree"" per turn, and only once that turn.
● You can Tribute 1 EARTH Insect-Type monster; Special Summon 1 Level 4 or lower EARTH Plant-Type monster from your Deck.
● You can Tribute 1 EARTH Plant-Type monster; Special Summon 1 Level 4 or lower EARTH Insect-Type monster from your Deck.",Continuous,Naturia,0.14,0.12,0.99,0.25,0.39
57831349,Nine Pillars of Yang Zing,Trap Card,"When a Spell/Trap Card, or monster effect, is activated, and you control a ""Yang Zing"" card: Negate the activation, and if you do, shuffle that card into the Deck, then destroy 1 other ""Yang Zing"" card you control.",Counter,Yang Zing,0.2,0.16,0.99,0.39,0.99
23842445,Nitro Unit,Spell Card,"Equip only to a monster on your opponent's side of the field. When the equipped monster is destroyed by battle and sent to the Graveyard, inflict damage to your opponent equal to the ATK of the equipped monster.",Equip,,0.25,0.69,3.9,0.99,0.39
88923963,Noble Knight Iyvanne,Effect Monster,"If a ""Noble Arms"" Equip Spell becomes equipped to this card: You can Special Summon 1 ""Noble Knight Token"" (Warrior/LIGHT/Level 4/ATK 1000/DEF 1000), also you cannot Special Summon monsters for the rest of this turn, except ""Noble Knight"" monsters. You can only use this effect of ""Noble Knight Iyvanne"" once per turn. While this card is equipped with a ""Noble Arms"" Equip Spell, all other ""Noble Knight"" monsters you control gain 500 ATK.",Warrior,Noble Knight,0.19,0.16,3.0,0.49,0.25
19535693,Noh-P.U.N.K. Ze Amin,Tuner Monster,"You can pay 600 LP; add 1 ""P.U.N.K."" monster from your Deck to your hand, except ""Noh-P.U.N.K. Ze Amin"". If this card is sent to the GY: You can target 1 ""P.U.N.K."" monster you control; it gains 600 ATK. You can only use each effect of ""Noh-P.U.N.K. Ze Amin"" once per turn.",Psychic,P.U.N.K.,0.19,0.16,1.49,0.73,0.49
51616747,Nubian Guard,Effect Monster,"If this card inflicts Battle Damage to your opponent's Life Points, you can return 1 Continuous Spell Card from your Graveyard to the top of your Deck.",Warrior,,0.1,0.11,0.99,0.25,0.25
66547759,"Number 23: Lancelot, Dark Knight of the Underworld",XYZ Monster,"2 Level 8 monsters
This card can attack your opponent directly while it has Xyz Material. When this card inflicts battle damage to your opponent: You can target 1 face-up monster your opponent controls; destroy it. Once per turn, during either player's turn, when a Spell/Trap Card, or another monster's effect, is activated: Detach 1 Xyz Material from this card; negate the activation.",Zombie,,4.48,7.84,12.99,9.55,4.99
82308875,Number 7: Lucky Straight,XYZ Monster,"3 Level 7 monsters
You can detach 1 Xyz Material from this card; roll a six-sided die twice and this card's ATK becomes the larger number rolled x 700 until your opponent's next End Phase, then if the total roll was exactly 7, apply 1 of these effects.
● Send all other cards on the field to the Graveyard.
● Special Summon 1 monster from your hand or from either Graveyard.
● Draw 3 cards, then discard 2 cards.",Fairy,,4.89,16.22,15.0,18.66,4.99
16037007,Number 74: Master of Blades,XYZ Monster,"2 Level 7 monsters
During either player's turn, when a card or effect is activated that targets this face-up card: You can detach 1 Xyz Material from this card; negate the activation, and if you do, destroy that card, then you can destroy 1 card on the field.",Psychic,,0.25,0.2,3.56,2.0,0.39
71921856,Number 79: Battlin' Boxer Nova Kaiser,XYZ Monster,"2 Level 4 monsters
Once per turn: You can attach 1 ""Battlin' Boxer"" monster from your hand or Graveyard to this card as an Xyz Material. This card gains 100 ATK for each Xyz Material attached to it. When this card you control is destroyed by your opponent's card (by battle or card effect) and sent to your Graveyard: You can target Level 4 or lower ""Battlin' Boxer"" monsters in your Graveyard, up to the number of Xyz Materials this card had on the field; Special Summon those targets.",Warrior,Battlin' Boxer,0.07,0.13,1.49,1.45,0.79
73398797,Paladin of White Dragon,Ritual Effect Monster,"You can Ritual Summon this card with ""White Dragon Ritual"". At the start of the Damage Step, if this card attacks a face-down Defense Position monster: Destroy that face-down monster. You can Tribute this card; Special Summon 1 ""Blue-Eyes White Dragon"" from your hand or Deck, but ""Blue-Eyes White Dragons"" cannot attack for the rest of this turn.",Dragon,Blue-Eyes,0.32,0.2,0.99,9.98,0.39
77384395,Pazuzule,Pendulum Effect Monster,"[ Pendulum Effect ] 
Once per turn: You can target 1 card in your other Pendulum Zone; this card's Pendulum Scale becomes the Level of that Pendulum Monster Card until the end of this turn, also you cannot Special Summon for the rest of this turn, except by Pendulum Summon.
[ Monster Effect ] 
Pendulum Summons of your monsters cannot be negated.",Fiend,,0.02,0.03,0.99,0.0,0.49
75702749,Phantasm Spiral Grip,Spell Card,"Equip only to a Normal Monster. It gains 500 ATK. When the equipped monster destroys an opponent's monster by battle: You can Special Summon 1 ""Phantasm Spiral Dragon"" from your hand, Deck, or Graveyard, and equip it with this card, then inflict 1000 damage to your opponent. You can only use this effect of ""Phantasm Spiral Grip"" once per turn.",Equip,Phantasm Spiral,0.17,0.08,2.95,0.25,0.49
61201220,Phantom Ghost,Normal Monster,A vengeful spirit made up of many restless souls.,Zombie,,0.0,0.0,210.0,92.94,0.0
9354555,Photon Veil,Spell Card,"Shuffle 3 LIGHT monsters from your hand into the Deck, then add 1 to 3 Level 4 or lower LIGHT monsters from your Deck to your hand. If you add 2 or more monsters, they must have the same name.",Normal,Photon,0.2,0.19,0.99,0.99,0.49
64014615,Pot of Acquisitiveness,Spell Card,"Target 3 banished monsters; shuffle all 3 into the Deck, then draw 1 card. You can only activate 1 ""Pot of Acquisitiveness"" per turn.",Quick-Play,Greed,1.48,2.03,4.95,1.69,2.99
81997228,Prank-Kids Battle Butler,Fusion Monster,"""Prank-Kids Lampsies"" + ""Prank-Kids Dropsies"" + ""Prank-Kids Fansies""
Must be Fusion Summoned. (Quick Effect): You can Tribute this card; destroy all monsters your opponent controls. If this card in your possession is sent to your GY by your opponent's card: You can target 1 non-Fusion Monster in your GY; Special Summon it. You can only use this effect of ""Prank-Kids Battle Butler"" once per turn.",Thunder,Prank-Kids,0.09,0.04,2.79,0.35,0.79
68304813,Precious Cards from Beyond,Spell Card,When you Tribute Summon a monster using 2 or more Tributes: Draw 2 cards.,Continuous,,0.14,0.41,0.99,2.62,0.49
47158777,Protector Whelp of the Destruction Swordsman,Link Monster,"2 monsters
If this card is Link Summoned: You can send 1 ""Destruction Sword"" card from your Deck to the GY, then, you can Special Summon 1 ""Buster Blader"" monster from your hand. At the end of your Battle Phase, if your opponent controls no monsters: You can target 1 ""Buster Blader"" monster you control that did not declare an attack this turn; inflict damage to your opponent equal to that monster's ATK. You can only use each effect of ""Protector Whelp of the Destruction Swordsman"" once per turn.",Dragon,Destruction Sword,0.37,0.32,2.46,0.49,0.79
16678947,Psi-Curse,Trap Card,"When a Psychic-Type monster you control is destroyed by battle with an opponent's attacking monster and sent to the Graveyard: Target the opponent's monster; destroy that target, and if you do, inflict damage to your opponent equal to the Level of your destroyed Psychic-Type monster x 300.",Normal,,0.18,0.06,0.99,0.2,0.25
3146695,Psychic Reactor,Trap Card,"If you control a Psychic-Type monster: Apply this effect to all Psychic-Type monsters you currently control, for the rest of this turn. When a Psychic-Type monster you control battles an opponent's monster, after damage calculation: Banish that Psychic-Type monster, also banish that opponent's monster.",Normal,,0.14,0.07,0.99,0.25,0.25
29599813,Purrely Pretty Memory,Spell Card,"Each player gains 1000 LP, then you can apply the following effect.
 ● Discard 1 card, and if you do, Special Summon 1 Level 1 ""Purrely"" monster from your Deck.
A ""Purrely"" Xyz Monster that has this card as material gains the following effect.
● Once per turn: You can send 1 other card you control to the GY, then target 1 card your opponent controls; attach it to this card as material.",Quick-Play,Purrely,16.48,19.58,0.0,0.0,13.99
61231400,Pyrotech Mech - Shiryu,Effect Monster,"You can Tribute Summon this card with 1 Tribute. If Summoned this way, during each End Phase: You take 1000 damage. If this card attacks a Defense Position monster, inflict piercing battle damage to your opponent.",Pyro,,0.03,0.08,0.99,0.25,0.25
13302026,Queen Butterfly Danaus,Effect Monster,"If you control this Normal Summoned/Set card (Quick Effect): You can target up to 3 Level 4 or lower Insect monsters in your GY; change this card's ATK to 0, and if you do, Special Summon those monsters, but their effects are negated. You can only use this effect of ""Queen Butterfly Danaus"" once per turn.",Insect,,0.1,0.13,0.99,0.0,0.49
43047672,Raidraptor - Final Fortress Falcon,XYZ Monster,"3 Level 12 monsters
If this card has a ""Raidraptor"" Xyz Monster as Xyz Material, it is unaffected by other cards' effects. Once per turn: You can detach 1 material from this card; return all your banished ""Raidraptor"" monsters to your GY. Up to twice per turn, when this attacking card destroys a monster by battle: You can banish 1 ""Raidraptor"" Xyz Monster from your GY; this card can attack again in a row.",Winged Beast,Raidraptor,0.36,0.42,3.0,0.99,0.49
73887236,Raidraptor - Rise Falcon,XYZ Monster,"3 Level 4 Winged Beast-Type monsters
This card can attack all Special Summoned monsters your opponent controls, once each. Once per turn: You can detach 1 Xyz Material from this card, then target 1 face-up Special Summoned monster your opponent controls; this card gains ATK equal to that monster's current ATK.",Winged Beast,Raidraptor,0.2,0.11,1.22,0.49,0.25
23603403,Raidraptor - Satellite Cannon Falcon,XYZ Monster,"2 Level 8 Winged Beast monsters
If this card is Xyz Summoned by using a ""Raidraptor"" monster as material: You can destroy all Spells and Traps your opponent controls. Your opponent cannot activate cards or effects in response to this effect's activation. Quick Effect: You can detach 1 material from this card, then target 1 face-up monster your opponent controls; it loses 800 ATK for each ""Raidraptor"" monster in your GY.",Winged Beast,Raidraptor,0.34,0.33,2.88,0.99,0.99
25236056,Rare Metal Dragon,Effect Monster,This card cannot be Normal Summoned or Set.,Dragon,,0.37,0.13,7.79,1.53,0.25
76232522,Recovery Sorcerer,Link Monster,"2 Cyberse monsters
(Quick Effect): You can target 1 Cyberse Link Monster in your GY that was destroyed this turn; Special Summon it, but it has its effects negated, also destroy it during the End Phase. You can only use this effect of ""Recovery Sorcerer"" once per turn.",Cyberse,,0.09,0.02,0.99,0.25,0.49
42303365,Reptilianne Viper,Tuner Monster,"When this card is Normal Summoned, you can select and take control of 1 face-up monster with 0 ATK your opponent controls.",Reptile,Reptilianne,0.64,0.18,1.91,600.78,0.49
44203504,Robotic Knight,Normal Monster,"The Commander of Machine-Types, he serves the Machine King. He is famous for the way he controls his troops.",Machine,,0.25,0.12,0.99,1.77,0.25
82818645,Rock Spirit,Normal Monster,A fairy of boulders that looks like an earthenware statue. It is quite strong in terms of both attack and defense.,Spellcaster,,0.0,0.0,0.99,1.52,0.0
68464358,Rokket Tracer,Tuner Monster,"(Quick Effect): You can target 1 face-up card you control; destroy it, and if you do, Special Summon 1 ""Rokket"" monster from your Deck, except ""Rokket Tracer"", also you cannot Special Summon monsters from the Extra Deck for the rest of this turn, except DARK monsters. You can only use this effect of ""Rokket Tracer"" once per turn.",Dragon,Rokket,0.23,0.51,1.1,0.46,0.79
16509093,Royal Keeper,Effect Monster,"Once per turn, you can flip this card into face-down Defense Position. When this card is flipped face-up, it gains 300 ATK and DEF until the end of the turn. (If attacked, this effect resolves after damage calculation.)",Zombie,,0.19,0.08,0.99,0.25,0.25
36736723,Rush Warrior,Effect Monster,"During damage calculation (in either player's turn), if a ""Warrior"" Synchro Monster you control battles an opponent's monster: You can send this card from your hand to the Graveyard; your battling monster's ATK becomes double its current ATK during that damage calculation only. You can banish this card from your Graveyard, then target 1 ""Synchron"" monster in your Graveyard; add it to your hand. You can only use each effect of ""Rush Warrior"" once per turn.",Warrior,,0.06,0.07,0.99,1.77,0.49
56350972,"Saffira, Queen of Dragons",Ritual Effect Monster,"You can Ritual Summon this card with ""Hymn of Light"". During the End Phase, if this card was Ritual Summoned this turn, or if a LIGHT monster was sent from the hand or Deck to the Graveyard this turn while this card was face-up on the field: You can activate 1 of these effects;
● Draw 2 cards, then discard 1 card.
● Discard 1 random card from your opponent's hand.
● Add 1 LIGHT monster from your Graveyard to your hand.
You can only use 1 ""Saffira, Queen of Dragons"" effect per turn, and only once that turn.",Dragon,,1.39,1.74,11.99,2.44,1.99
54529134,Salamangreat Transcendence,Spell Card,"Target 1 ""Salamangreat"" Link Monster you control; Special Summon 1 ""Salamangreat"" Link Monster with the same name from your Extra Deck, using that monster you control as the entire material. (This is treated as a Link Summon.) You can only activate 1 ""Salamangreat Transcendence"" per turn.",Quick-Play,Salamangreat,0.11,0.05,0.99,0.93,0.25
14344682,Samurai Sword Baron,Effect Monster,"Once per turn, you can select 1 Defense Position monster your opponent controls. Change it to face-up Attack Position.",Warrior,,0.4,0.27,1.47,0.99,0.99
67038874,Scrap Mind Reader,Tuner Monster,"Once per turn, while this card is in your Graveyard during your Main Phase 2, you can select 1 face-up ""Scrap"" monster you control, except ""Scrap Mind Reader"". Destroy that monster and Special Summon this card from the Graveyard. If you do, remove this card from play when it is removed from the field. If this card is used as a Synchro Material Monster, all other Synchro Material Monsters must be ""Scrap"" monsters.",Machine,Scrap,3.95,3.22,5.95,9.35,9.99
71746462,Sea Kamen,Normal Monster,A merciless monster that tears opponents to shreds with razor-like claws.,Aqua,,3.96,7.77,7.25,1.03,1.99
40771118,Sentence of Doom,Trap Card,"You can target any number of your Fiend monsters that are banished or in your GY, up to the number of ""Destiny Board"" and/or ""Spirit Message"" cards you control; add them to your hand. You can send this card from your Spell & Trap Zone to the GY; place 1 ""Spirit Message"" card from your hand, Deck, or GY in your Spell & Trap Zone. (This is treated as being placed by the effect of ""Destiny Board"".) You can only use 1 ""Sentence of Doom"" effect per turn, and only once that turn.",Continuous,Spirit Message,0.23,0.09,4.0,0.25,0.39
60158866,Seventh Eternity,Trap Card,"Target 1 ""Number"" Xyz Monster you control that has a number between ""101"" and ""107"" in its name, or 1 Xyz Monster you control that has any such monsters as material, then activate 1 of these effects;
● Negate the effects of 1 monster your opponent controls with ATK less than or equal to the targeted monster's ATK, until the end of this turn.
● Detach all materials from the targeted monster, then you can Special Summon 1 ""Number"" Xyz Monster from your GY.
You can only use this effect of ""Seventh Eternity"" once per turn.",Continuous,Seven Emperors,0.08,0.08,0.99,0.25,0.49
12117532,Shattered Axe,Trap Card,"Activate this card by targeting 1 face-up monster on the field. During each of your Standby Phases: It loses 500 ATK. When that target is destroyed, destroy this card.",Continuous,,0.05,0.06,0.99,0.25,0.25
86952477,Shine Knight,Effect Monster,This card is Level 4 while in face-up Defense Position.,Warrior,,0.08,0.03,0.99,0.25,0.25
41493640,Shogi Knight,Effect Monster,"When this card is Normal Summoned: You can target 1 Set card in your opponent's Spell & Trap Card Zone; reveal that target, then destroy it if it is a Trap Card. Otherwise, return it to its original position. When you destroy a Trap Card by this effect: You can Special Summon 1 Level 3 EARTH monster from your hand in face-up Defense Position.",Beast-Warrior,,0.16,0.05,0.99,0.25,0.49
10449150,Shuttleroid,Effect Monster,When this card is targeted for an attack: You can banish this card. During your next Standby Phase: Special Summon this card banished by this effect. If Summoned this way: Inflict 1000 damage to your opponent.,Machine,Roid,0.0,0.0,7.0,0.25,0.0
94423983,Simul Archfiends,Trap Card,"This turn, neither player can Special Summon monsters with the same card types (Ritual, Fusion, Synchro, Xyz, or Link) they already control. If you do not control 2 or more of the same card types (Ritual, Fusion, Synchro, Xyz, or Link), all Ritual, Fusion, Synchro, Xyz, and Link Monsters you currently control gain 500 ATK. You can only activate 1 ""Simul Archfiends"" per turn.",Normal,Archfiend,0.08,0.08,1.0,0.54,0.25
68182934,Sky Dragoons of Draconia,Pendulum Normal Monster,"[ Pendulum Effect ] 
Once per turn, when a Normal Monster you control inflicts battle damage to your opponent: You can target 1 card on the field; destroy it.
[ Monster Effect ] 
''Rumored as being formed to invade the neutral, floating Sky-State of Cxulub, these mounted air troops of the Draconia Empire have prompted bordering nations to strengthen their security.''",Winged Beast,Draconia,0.2,0.14,0.99,0.86,0.49
15792576,Sky Scourge Cidhels,Effect Monster,"Cannot be Special Summoned. If this card is Tribute Summoned by Tributing one of the following monsters from the field: You can apply that effect.
● LIGHT Fairy: Add 1 LIGHT Fairy or 1 DARK Fiend monster from your Deck to your hand.
● DARK Fiend: Send 1 LIGHT Fairy monster and/or 1 DARK Fiend monster from your Deck to the GY.",Fiend,Sky Scourge,0.05,0.04,0.99,2.66,0.49
51227866,Sky Striker Mecha - Shark Cannon,Spell Card,"If you control no monsters in your Main Monster Zone: Target 1 monster in your opponent's GY; banish that monster, or, if you have 3 or more Spells in your GY, you can Special Summon that monster to your field instead, but it cannot attack.",Quick-Play,Sky Striker,0.24,0.25,0.99,2.48,0.99
22754505,Small Piece Golem,Effect Monster,"When this card is Summoned, if you control a ""Big Piece Golem"", you can Special Summon 1 ""Medium Piece Golem"" from your Deck. That monster's effect is negated while it is face-up on the field.",Rock,,0.27,0.15,4.95,1.34,0.39
60246171,Soitsu,Normal Monster,"Apparently totally unreliable, he wonders if he has incredible potential.",Fairy,,0.19,0.14,4.95,0.25,0.25
691925,Solar Recharge,Spell Card,"Discard 1 ""Lightsworn"" monster; draw 2 cards, then send the top 2 cards of your Deck to the GY.",Normal,Lightsworn,1.28,1.47,1.79,1.24,1.49
65107325,Sour Scheduling - Red Vinegar Vamoose,Trap Card,"Activate this card only if your opponent controls a card in this Set card's column; return all other cards in this card's column to the hand. Neither player can use the unused zones in this card's column. You can only control 1 ""Sour Scheduling - Red Vinegar Vamoose"".",Continuous,,0.04,0.05,0.0,0.0,0.39
20644748,Spatial Collapse,Trap Card,You can only activate this card if both you and your opponent each have 5 or less cards on the field. The maximum number of cards that each player can have on the field is 5.,Continuous,,0.05,0.1,1.0,0.98,0.25
68543408,Stardust Xiaolong,Effect Monster,"When you Synchro Summon ""Stardust Dragon"", you can Special Summon this card from your Graveyard in face-up Attack Position. Once per turn, if this card would be destroyed by battle, it is not destroyed.",Dragon,Stardust,0.09,0.1,0.99,1.99,0.49
97729135,Staring Contest,Spell Card,When you Special Summon a monster to the Extra Monster Zone: You can target 1 monster in your opponent's Main Monster Zone; move that target to their zone in the same column as that Extra Monster Zone monster. When your opponent Special Summons a monster to the Extra Monster Zone: You can target 1 monster in your Main Monster Zone; move that target to your zone in the same column as that Extra Monster Zone monster. These effects cannot be activated in the Damage Step.,Continuous,,0.08,0.02,0.99,0.25,0.25
50032342,Strategist of the Ice Barrier,Effect Monster,"Once per turn, you can send 1 ""Ice Barrier"" monster from your hand to the Graveyard to draw 1 card.",Spellcaster,Ice Barrier,0.12,0.12,0.99,0.25,0.25
13002461,Strength of Prophecy,Effect Monster,"Once per turn: You can shuffle 1 ""Spellbook"" Spell Card from your Graveyard into your Deck to target 1 face-up Spellcaster-Type monster on the field; increase its Level by 1 and its ATK by 500.",Spellcaster,Spellbook,0.22,0.12,3.0,0.2,0.49
65976795,Subterror Behemoth Stygokraken,Flip Effect Monster,"FLIP: You can target Set cards on the field, equal to the number of ""Subterror Behemoth"" monsters you control; destroy them. You can only use this effect of ""Subterror Behemoth Stygokraken"" once per turn.
When a face-up monster you control is flipped face-down, if you control no face-up monsters: You can Special Summon this card from your hand in Defense Position. Once per turn: You can change this card to face-down Defense Position.",Sea Serpent,Subterror,0.23,0.16,1.3,0.99,0.49
2339825,T.G. - Close,Trap Card,"When a Spell/Trap Card, or monster effect, is activated while you control a Machine ""T.G."" monster: Negate the activation, and if you do, destroy that card. If a Synchro Monster(s) is banished while this card is in your GY (except during the Damage Step): You can Set this card, but banish it when it leaves the field. You can only use 1 ""T.G. - Close"" effect per turn, and only once that turn.",Counter,T.G.,0.0,0.0,0.0,0.0,0.0
90953320,T.G. Hyper Librarian,Synchro Monster,"1 Tuner + 1+ non-Tuner monsters
If a monster is Synchro Summoned: Draw 1 card. This card must be face-up on the field to activate and to resolve this effect.",Spellcaster,T.G.,1.62,1.24,15.0,1.81,1.49
89698120,Tactical Espionage Expert,Effect Monster,"When this card is Normal Summoned successfully, no Trap Cards can be activated.",Warrior,,0.08,0.16,0.99,0.25,0.25
79757784,Tamtam the Melodious Diva,Effect Monster,"If this card is Special Summoned while you control a ""Melodious"" monster: You can add 1 ""Polymerization"" from your Deck or Graveyard to your hand. If this card is sent to the Graveyard as a Fusion Material for a Fusion Summon: You can target 1 ""Melodious"" monster you control; it loses 500 ATK, and if it does, inflict 500 damage to your opponent.",Fairy,Melodious,0.15,0.15,0.99,0.25,0.25
37961969,Tearlaments Havnis,Effect Monster,"When your opponent activates a monster effect on the field (Quick Effect): You can Special Summon this card from your hand, and if you do, send the top 3 cards of your Deck to the GY. If this card is sent to the GY by card effect (except during the Damage Step): You can Fusion Summon 1 Fusion Monster from your Extra Deck, by placing Fusion Materials mentioned on it from your hand, field, and/or GY, including this card from your GY, on the bottom of the Deck in any order. You can only use each effect of ""Tearlaments Havnis"" once per turn.",Aqua,Tearlaments,0.12,0.1,2.49,2.56,0.25
19280589,Tellus the Little Angel,Effect Monster,"If this card is sent from the Monster Zone to the GY: You can Special Summon 1 ""Tellus Wing Token"" (Fairy/LIGHT/Level 1/ATK 0/DEF 0). While you control a ""Tellus Wing Token"": You can banish this card from your GY and 1 Spell from your hand; Special Summon 2 ""Tellus Wing Tokens"", also you cannot Special Summon for the rest of this turn, except from your hand. You can only use each effect of ""Tellus the Little Angel"" once per turn.",Fairy,,0.09,0.38,1.75,3.07,0.49
52367652,That Which Feeds on Life,Normal Monster,A monster that feeds on the energy of other creatures.,Fiend,,0.28,0.15,3.0,0.92,0.39
90432163,The Phantom Knights of Ancient Cloak,Effect Monster,"If this card is in Attack Position: You can target 1 DARK monster on the field; change this card to Defense Position, and if you do, that monster gains 800 ATK/DEF until the end of your opponent's turn. You can banish this card from your GY; add 1 ""The Phantom Knights"" card from your Deck to your hand, except ""The Phantom Knights of Ancient Cloak"". You can only use each effect of ""The Phantom Knights of Ancient Cloak"" once per turn.",Warrior,Phantom Knights,0.16,0.11,0.99,1.2,0.25
12219047,The Phantom Knights of Cursed Javelin,XYZ Monster,"2 Level 2 monsters
You can detach 1 material from this card, then target 1 face-up monster your opponent controls; until the end of this turn, change its ATK to 0, also negate its effects. This is a Quick Effect if this card has a ""The Phantom Knights"" card as material. You can only use this effect of ""The Phantom Knights of Cursed Javelin"" once per turn.",Warrior,Phantom Knights,0.18,0.14,1.45,0.45,0.25
88544390,The Phantom Knights of Stained Greaves,Effect Monster,"If a ""The Phantom Knights"" monster(s) is Special Summoned to your field (except during the Damage Step): You can Special Summon this card from your hand, then you can increase the Level of this card by 1. You can banish this card from your GY; Special Summon 1 ""The Phantom Knights"" monster from your hand, except ""The Phantom Knights of Stained Greaves"", then you can increase its Level by 1. You can only use each effect of ""The Phantom Knights of Stained Greaves"" once per turn.",Warrior,Phantom Knights,0.07,0.09,0.99,1.99,0.49
81434470,Thousand-Eyes Jellyfish,Effect Monster,"This card cannot be Normal Summoned or Set. This card cannot be Special Summoned except by Tributing 1 ""Ocean's Keeper"". Your opponent must play with their hand revealed.",Fish,,0.19,0.18,2.0,0.25,0.25
41373230,Titaniklad the Ash Dragon,Fusion Monster,"""Fallen of Albaz"" + 1 monster with 2500 or more ATK
Gains ATK equal to the combined original Levels of the monsters used for its Fusion Summon x 100. After this card is Fusion Summoned, for the rest of this turn, it is unaffected by the activated effects of any other monsters Special Summoned from the Extra Deck. During the End Phase, if this card is in the GY because it was sent there this turn: You can add to your hand, or Special Summon, 1 ""Fallen of Albaz"" or ""Dogmatika"" monster from your Deck. You can only use this effect of ""Titaniklad the Ash Dragon"" once per turn.",Dragon,,0.1,0.17,1.49,0.27,0.39
90960358,Toon Dark Magician Girl,Toon Monster,"Cannot be Normal Summoned/Set. Must first be Special Summoned (from your hand) by Tributing 1 monster, while you control ""Toon World"". If ""Toon World"" on the field is destroyed, destroy this card. Can attack your opponent directly, unless they control a Toon monster, in which case this card must target a Toon monster for its attacks. Gains 300 ATK for every ""Dark Magician"" or ""Magician of Black Chaos"" in either player's GY.",Spellcaster,Toon,0.52,0.29,6.49,2.13,0.39
23408872,Tradetoad,Effect Monster,"Once per turn, you can Tribute 1 Aqua-Type monster to select 1 ""Frog"" monster in your Graveyard, except ""Frog the Jam"". Special Summon that monster from your Graveyard.",Aqua,Frog,0.44,0.28,1.5,1.18,0.99
30128445,Transcendosaurus Drillygnathus,XYZ Monster,"2 Level 6 monsters
While this card has no materials, if it battles a monster, any battle damage it inflicts to your opponent is doubled. You can only use each of the following effects of ""Transcendosaurus Drillygnathus"" once per turn. You can detach 1 material from this card, then target 1 of your banished Dinosaur monsters; Special Summon it. If this card is destroyed: You can shuffle 1 Normal Monster from your GY into the Deck, then you can Special Summon this card.",Dinosaur,Transcendrake,0.08,0.15,0.99,0.0,0.49
56818742,Transcendosaurus Exaraptor,Link Monster,"2+ Dinosaur monsters, including a Level 6 or higher monster
If this card is Special Summoned: You can Special Summon 1 Dinosaur monster from your hand. If a face-up Dinosaur monster this card points to is destroyed by battle or sent to the GY: You can draw 1 card. If this card is destroyed: You can shuffle 1 Normal Monster from your GY into the Deck, then you can Special Summon this card. You can only use each effect of ""Transcendosaurus Exaraptor"" once per turn.",Dinosaur,Transcendosaurus,0.41,0.12,0.0,0.0,0.39
46461247,Trap Master,Flip Effect Monster,"FLIP: Select 1 Trap Card on the field and destroy it. If the selected card is Set, pick up and see the card. If it is a Trap Card, it is destroyed. If it is a Spell Card, return it to its original position.",Warrior,,0.97,0.21,3.99,1.29,0.79
87209160,Tri-Brigade Fraktall,Effect Monster,"You can send this card from your hand or field to the GY; send 1 Level 3 or lower Beast, Beast-Warrior, or Winged Beast monster from your Deck to the GY. You can banish any number of Beast, Beast-Warrior, and/or Winged Beast monsters in your GY; Special Summon 1 Beast, Beast-Warrior, or Winged Beast Link Monster from your Extra Deck, with Link Rating equal to the number banished, also you can only use Beast, Beast-Warrior, and Winged Beast monsters as Link Material for the rest of this turn. You can only use each effect of ""Tri-Brigade Fraktall"" once per turn.",Beast-Warrior,Tri-Brigade,1.12,2.08,3.73,7.59,4.99
91505214,Trickstar Narkissus,Effect Monster,"If your opponent takes effect damage (except during the Damage Step): You can Special Summon this card from your hand. You can only use this effect of ""Trickstar Narkissus"" once per turn. Each time your opponent activates a monster effect in their hand or GY, inflict 200 damage to them immediately after it resolves.",Fairy,Trickstar,0.2,0.11,0.99,0.29,0.25
39402797,Trident Dragion,Synchro Monster,"1 Dragon-Type Tuner + 1 or more non-Tuner Dragon-Type monsters
Must be Synchro Summoned, and cannot be Special Summoned by other ways. When this card is Synchro Summoned: You can target up to 2 other cards you control; destroy those targets, and if you do, for each destroyed card, this card gains 1 additional attack during each Battle Phase this turn.",Dragon,,8.18,5.72,3.49,5.95,1.99
3149764,Tutan Mask,Trap Card,"When a Spell/Trap Card is activated that targets exactly 1 Zombie monster on the field (and no other cards): Negate the activation, and if you do, destroy it.",Counter,,0.04,0.09,1.5,0.25,0.25
15543940,Tyrant Dino Fusion,Spell Card,"Fusion Summon 1 ""Dinowrestler"" monster from your Extra Deck, using monsters you control as Fusion Material. If you do, the first time that face-up monster on the field would be destroyed by battle or card effect, it is not destroyed.",Quick-Play,Dinowrestler,0.11,0.03,1.5,0.25,0.25
91749600,"Vala, Seidhr of the Generaider Bosses",Effect Monster,"You can only control 1 ""Vala, Seidhr of the Generaider Bosses"". You can only use each of the following effects of ""Vala, Seidhr of the Generaider Bosses"" once per turn. If this card is in your hand or GY: You can send 1 other ""Generaider"" card from your hand to the GY; Special Summon this card, but banish it when it leaves the field. If this card is Special Summoned: You can Special Summon 1 ""Generaider"" monster from your hand or GY, except ""Vala, Seidhr of the Generaider Bosses"".",Fairy,Generaider,0.09,0.12,0.0,0.0,0.39
91951471,Vanquish Soul Dust Devil,Spell Card,"Target 1 ""Vanquish Soul"" monster you control; change its battle position, then you can change face-up monsters your opponent controls to face-down Defense Position, up to the number of ""Vanquish Soul"" monsters you control with different names. You can only activate 1 ""Vanquish Soul Dust Devil"" per turn.",Quick-Play,Vanquish Soul,0.11,0.29,2.0,0.0,0.79
95220856,Vengeful Bog Spirit,Spell Card,Monsters cannot attack the turn they are Summoned.,Continuous,,0.73,1.36,3.0,4.95,0.79
4466015,Venom Burn,Trap Card,"Select 1 monster with a Venom Counter(s). Remove all Venom Counters from that card, and inflict 700 damage to your opponent for each Venom Counter removed.",Normal,Venom,0.22,0.19,1.75,0.25,0.49
15052462,Violet Crystal,Spell Card,"(This card is not treated as a ""Crystal"" card.)
Equip only to a Zombie monster. It gains 300 ATK/DEF.",Equip,,0.08,0.04,1.49,0.25,0.25
61320914,Vision HERO Minimum Ray,Effect Monster,"If you take battle or effect damage while this card is in your GY: You can place this card from your GY in your Spell & Trap Zone as a face-up Continuous Trap. During the Main Phase, if this card is treated as a Continuous Trap: You can Tribute 1 ""HERO"" monster; Special Summon this card. If this card is Special Summoned from the Spell & Trap Zone: You can destroy 1 Level 4 or lower monster your opponent controls. You can only use each effect of ""Vision HERO Minimum Ray"" once per turn.",Warrior,Vision HERO,0.11,0.09,0.99,0.25,0.25
38694052,"Voloferniges, the Darkest Dragon Doomrider",XYZ Monster,"2 Level 7 monsters
Once per turn: You can detach 2 materials from this card, then target 1 face-up card on the field; destroy it, and if you destroyed a monster, you can make 1 face-up monster you control gain ATK equal to the destroyed monster's original Level/Rank x 300 until the end of the next turn. This card cannot attack the turn you activate this effect. This is a Quick Effect if this card has a Dragon monster as material, but cannot be activated in the Damage Step.",Dragon,,0.13,0.14,0.99,1.79,0.39
87836938,Vylon Vanguard,Effect Monster,When this card is destroyed by a card effect and sent to the Graveyard: You can draw 1 card for each Equip Card that was equipped to this card.,Fairy,Vylon,0.14,0.03,0.99,0.25,0.25
46660187,War Rock Big Blow,Trap Card,"During the Main Phase, if a face-up ""War Rock"" monster(s) you control leaves the field by an opponent's card effect: Destroy up to 2 cards your opponent controls. You can only activate 1 ""War Rock Big Blow"" per turn.",Normal,War Rock,0.06,0.08,0.99,39.99,0.49
90873992,Warrior Elimination,Spell Card,Destroy all Warrior monsters on the field.,Normal,,0.16,0.08,1.5,0.25,0.25
85066822,Water Dragon,Effect Monster,"Cannot be Normal Summoned/Set. Must be Special Summoned with ""Bonding - H2O"". The ATK of FIRE monsters and Pyro monsters on the field becomes 0. When this card is destroyed and sent to the GY: You can target 2 ""Hydrogeddon"" and 1 ""Oxygeddon"" in your GY; Special Summon them.",Sea Serpent,Bonding,0.13,0.07,5.0,1.33,0.25
32825095,White Moray,Effect Monster,"During the turn you Normal Summoned this card, it can attack your opponent directly. If this card is Special Summoned from the GY: You can treat it as a Tuner this turn.",Fish,White,0.19,0.26,1.31,0.65,0.49
95245544,Witchcrafter Pittore,Effect Monster,"During the Main Phase (Quick Effect): You can Tribute this card, then discard 1 Spell; Special Summon 1 ""Witchcrafter"" monster from your Deck, except ""Witchcrafter Pittore"". You can banish this card from your GY; draw 1 card, then send 1 ""Witchcrafter"" card from your hand to the GY, or, if you have none, banish your entire hand. You can only use each effect of ""Witchcrafter Pittore"" once per turn.",Spellcaster,Witchcrafter,1.32,2.04,3.7,3.87,2.99
35183584,World Legacy Guardragon Mardark,Effect Monster,"All monsters your opponent controls lose 500 ATK/DEF for each Dragon monster you control. You can only use each of the following effects of ""World Legacy Guardragon Mardark"" once per turn.
● You can banish 2 Normal Monsters from your hand or GY; Special Summon this card from your hand.
● If this card on the field is destroyed by battle or card effect: You can add, from your GY to your hand, 1 Level 9 monster with a different original Type and Attribute than this card.",Dragon,Guardragon,0.1,0.06,0.99,0.25,0.25
62279666,World Legacy's Corruption,Spell Card,"Once per turn, if a face-up Link Monster you control is destroyed by battle, or leaves the field because of an opponent's card effect: You can Special Summon 1 ""World Legacy"" monster from your hand or Deck in Defense Position. You can only control 1 ""World Legacy's Corruption"".",Continuous,World Legacy,0.08,0.03,0.99,0.25,0.25
35998832,"Zohah, the Ogdoadic Boundless",Effect Monster,"If this card is sent from the field to the GY, or Special Summoned from the GY: You can activate this effect; your opponent draws 1 card, and if they do, you add 1 ""Ogdoadic"" monster from your Deck to your hand, except ""Zohah, the Ogdoadic Boundless"", then, each player sends 1 card from their hand to the GY. If this card is in your GY: You can send 1 card from your hand to the GY; add this card to your hand. You can only use each effect of ""Zohah, the Ogdoadic Boundless"" once per turn.",Reptile,Ogdoadic,0.07,0.15,0.99,0.98,0.49
43256007,Zuijin of the Ice Barrier,Effect Monster,"You can Tribute this card; Special Summon 1 Level 5 or higher ""Ice Barrier"" monster from your hand. If this card is in your GY, except the turn it was sent there: You can target 1 Level 3 or higher WATER monster you control; reduce its Level by exactly 2, and if you do, Special Summon this card, but banish it when it leaves the field. You can only use each effect of ""Zuijin of the Ice Barrier"" once per turn.",Warrior,Ice Barrier,0.22,0.22,0.99,0.44,0.49
